{"cameraMode":{"drawMode":0,"name":"Shaded","section":"Shading Mode"},"sceneLighting":true,"audioPlay":false,"sceneViewState":{"m_AlwaysRefresh":false,"showFog":true,"showSkybox":true,"showFlares":true,"showImageEffects":true,"showParticleSystems":true,"showVisualEffectGraphs":true,"m_FxEnabled":true},"in2DMode":false,"pivot":{"x":51.51666259765625,"y":-25.065378189086915,"z":-24.400821685791017},"rotation":{"x":0.17735478281974793,"y":0.7118468880653381,"z":-0.19380329549312592,"w":0.6514535546302795},"size":44.530067443847659,"orthographic":false}